Время,Вопрос,Ответ,Длина ответа,Источники,Уверенность,Количество найденных чанков,Корректность
2026-02-03T03:06:05.311469,Кто такой Mace Motherfucker?," Шаг 1: Характеристика персонажа по контексту
- Упоминается как Jedi Master и член Совета джедаев
- Служил в армии клонов во время Клауновских войн
- Имеет фиолетовый световой меч

Шаг 2: Определение роли персонажа по контексту
- Входит в число самых могущественных джедаев своего времени
- Известен не только силой, но и философской глубиной
- Его стиль Ваапад отражает уникальный подход к Силе

Итоговый ответ: Mace Motherfucker — это Jedi Master и член Совета джедаев, известный не только силой, но и философской глубиной. Он является одним из самых могущественных джедаев своего времени и обладает уникальным подходом к Силе.",629,['/home/sparki/projects/architecture-pro-bot/task2/knowledge_base/character_Mace_Windu.md'],1.0,3,Да
2026-02-03T03:06:18.927903,Что ты знаешь про Furry Growler?," Шаг 1: Характеристики и история Furry Growler
- Он принадлежит к рассе древних вуки, обладающих богатой культурой и кодексом чести
- Его первоначальный вид был основан на фотографии лемура, которую использовал Джордж Лукас
- Он имеет сильные умения в пилотировании и ремонте механизмов, полученные из опыта управления Флайингом Рустбаккетом

Шаг 2: Личная жизнь Furry Growler
- Он связан с Ребелляцией, но также с Scoundrel with a Heart и кораблем Falcon
- Его характер описывается как пассионный, он может читать атмосферу и является добрым человеком
- Он прячет свой талант к управлению Falcon от Scoundrel with a Heart, чтобы не портить его эго

Итоговый ответ: Furry Growler — это член древней расы вуки с богатой культурой и кодексом чести. Он обладает сильными умениями в пилотировании и ремонте механизмов, полученными из опыта управления Флайингом Рустбаккетом. Он связан с Ребелляцией, но также с Scoundrel with a Heart и кораблем Falcon. Его характер описывается как пассионный, он может читать атмосферу и является добрым человеком.

Источники: [Документ 1] Источник: task2/knowledge_base/character_Chewbacca.md",1123,['/home/sparki/projects/architecture-pro-bot/task2/knowledge_base/character_Chewbacca.md'],0.7,3,Да
2026-02-03T03:06:26.745062,Кто такие вуки?," Шаг 1: Понимание контекста
- Упоминается Furry Growler, который является представителем древней расы вуки
- В тексте нет прямого указания на то, что нужно сделать с информацией о вуки

Шаг 2: Анализ источников
- Информация о вуки находится в [Документе 1] Источник: task2/knowledge_base/character_Chewbacca.md

Шаг 3: Поиск информации о вуки
- В документе содержится описание вуки, их культуры и трагической истории борьбы против дроидов-захватчиков

Итоговый ответ: Вуки — это древняя раса с планеты Кашиик, обладающая богатой культурой, кодексом чести и трагической историей борьбы против дроидов-захватчиков.",612,"['/home/sparki/projects/architecture-pro-bot/task2/knowledge_base/character_Darth_Sidious.md', '/home/sparki/projects/architecture-pro-bot/task2/knowledge_base/character_Mace_Windu.md', '/home/sparki/projects/architecture-pro-bot/task2/knowledge_base/character_Chewbacca.md']",0.7,3,Да
2026-02-03T03:06:39.787290,Что ты знаешь про Beeping Trashcan?,"РАЗМЫШЛЕНИЕ:
1. Проанализировал запрос: 'Что ты знаешь про Beeping Trashcan?'
2. Поискал в базе знаний
3. Не нашел релевантной информации
4. Нужно честно признать, что не знаю ответа

ОТВЕТ:
Извините, я не могу найти информацию по вопросу 'Что ты знаешь про Beeping Trashcan?' в текущей базе знаний QuantumForge.",312,[],0.1,0,Нет
2026-02-03T03:06:54.008053,Как Furry Growler познакомился с Scoundrel with a Heart?," Шаг 1: Понимание ситуации в которой оказались Furry Growler и Scoundrel with a Heart
- Они оба были рабами империи
- Вместе они пытаются сбежать
- Случайно попадают на планету, где Scoundrel with a Heart может помочь Furry Growler

Шаг 2: Анализ способа встречи
- Во время побега Scoundrel with a Heart пытается разжечь конфликт между Furry Growler и имперскими солдатами
- Это приводит к атаке Furry Growler на Scoundrel with a Heart, но он убеждает его в дружбе
- Вместе они спасают других рабы и пытаются сбежать

Шаг 3: Культурный контекст вуки
- У вуки сильные семейные и дружеские узы
- Потеря сородича — величайшая трагедия
- Scoundrel with a Heart стал для Furry Growler первым настоящим свободным выбором, что связывает их дружбу

Шаг 4: Личностные особенности Furry Growler
- Он пережил рабство и унижение
- Scoundrel with a Heart был его первым настоящим свободным выбором
- Это была угроза не просто другу, а всему, ради чего он жил

Итоговый ответ: Furry Growler познакомился с Scoundrel with a Heart во время побега из рабства империи. Их встреча стала началом дружбы, которая связывалась для Furry Growler не только личными обстоятельствами, но и культурными традициями вуки.",1191,['/home/sparki/projects/architecture-pro-bot/task2/knowledge_base/character_Han_Solo.md'],0.55,3,Да
2026-02-03T03:07:03.192667,Кто такой Green Grammar Master?,"РАЗМЫШЛЕНИЕ:
1. Проанализировал запрос: 'Кто такой Green Grammar Master?'
2. Поискал в базе знаний
3. Не нашел релевантной информации
4. Нужно честно признать, что не знаю ответа

ОТВЕТ:
Извините, я не могу найти информацию по вопросу 'Кто такой Green Grammar Master?' в текущей базе знаний QuantumForge.",304,[],0.1,0,Нет
2026-02-03T03:07:12.810419,Что ты знаешь про Ice Cube Planet?," Шаг 1: Описание планеты в контексте
- Ice Cube Planet — планета, покрытая ледяными шапками и ледниками
- Планета находится в астероидном поясе
- Между ней и её солнцем находятся пять других планет
- В прошлом планета была местом битв, но теперь она заброшена

Шаг 2: Информация о планете в источниках
- Описание планеты содержится в заметках Келла Толкани
- Планета упоминается в Галактическом путеводителе, написанном Хондо Оханакой и ДК-РА-43
- Концепт-арт планеты создан Ральфом МакКвари

Итоговый ответ: Ice Cube Planet — это планета, покрытая ледяными шапками и ледниками. Она находится в астероидном поясе и была местом битв в прошлом, но теперь она заброшена. Эту информацию можно найти в заметках Келла Толкани, Галактическом путеводителе и концепт-арте Ральфа МакКвари.",779,['/home/sparki/projects/architecture-pro-bot/task2/knowledge_base/place_Hoth.md'],0.75,3,Да
2026-02-03T03:07:14.783656,Что ты знаешь про Pajama Emperor?,"РАЗМЫШЛЕНИЕ:
1. Проанализировал запрос: 'Что ты знаешь про Pajama Emperor?'
2. Поискал в базе знаний
3. Не нашел релевантной информации
4. Нужно честно признать, что не знаю ответа

ОТВЕТ:
Извините, я не могу найти информацию по вопросу 'Что ты знаешь про Pajama Emperor?' в текущей базе знаний QuantumForge.",308,[],0.1,0,Нет
2026-02-03T03:07:22.606742,Что ты знаешь про Emo Redemption Arc?,"РАЗМЫШЛЕНИЕ:
1. Проанализировал запрос: 'Что ты знаешь про Emo Redemption Arc?'
2. Поискал в базе знаний
3. Не нашел релевантной информации
4. Нужно честно признать, что не знаю ответа

ОТВЕТ:
Извините, я не могу найти информацию по вопросу 'Что ты знаешь про Emo Redemption Arc?' в текущей базе знаний QuantumForge.",316,[],0.1,0,Нет
2026-02-03T03:07:31.006981,Что ты знаешь про Lava Bath Planet?,"РАЗМЫШЛЕНИЕ:
1. Проанализировал запрос: 'Что ты знаешь про Lava Bath Planet?'
2. Поискал в базе знаний
3. Не нашел релевантной информации
4. Нужно честно признать, что не знаю ответа

ОТВЕТ:
Извините, я не могу найти информацию по вопросу 'Что ты знаешь про Lava Bath Planet?' в текущей базе знаний QuantumForge.",312,[],0.1,0,Нет
2026-02-03T03:07:39.678457,Где Skycleaner стал в Breathing Heavy Dad?," Шаг 1: Понимание того, что означает ""Breathing Heavy Dad""
- Этот термин может указывать на то, что Breathing Heavy Dad является прежним личностью Troublemaker Skycleaner
- Тем не менее, это не подтверждено прямым текстом и требует дополнительного анализа

Шаг 2: Анализ источника информации
- Контекст содержит сведения о том, что Breathing Heavy Dad был в прошлом Troublemaker Skycleaner
- Однако, это не подтверждено прямым текстом и требует дополнительного анализа

Шаг 3: Анализ контекста сцены
- В данном случае контекст отсутствует, поэтому невозможно установить точное местоположение и времени события

Итоговый ответ: Невозможно однозначно утверждать, что Skycleaner стал Breathing Heavy Dad. Тем не менее, контекст может намекать на это, но требует дополнительного анализа и подтверждения с более надёжных источников.",827,"['/home/sparki/projects/architecture-pro-bot/task2/knowledge_base/character_Darth_Sidious.md', '/home/sparki/projects/architecture-pro-bot/task2/knowledge_base/character_Anakin_Skywalker.md']",0.55,3,Да
